Unnamed: 0,sentence,item,type,condition,patient,agent,context_had,target,item_num_original,gpt2_surprisal,gpt2-medium_surprisal,gpt2-large_surprisal,bert-base-uncased_surprisal,bert-large-uncased_surprisal,roberta-base_surprisal,roberta-large_surprisal
0,the aquarium visitor wondered which fish the penguins had eaten from the large bucket.,1,reversal,canonical,fish,penguins,The aquarium visitor wondered which fish the penguins had,eaten,1,3.4472477436065674,2.1689627170562744,3.555229425430298,4.858761787414551,5.063289165496826,5.204566478729248,3.544724702835083
1,the aquarium visitor wondered which penguins the fish had eaten from the large bucket.,1,reversal,reversed,penguins,fish,The aquarium visitor wondered which penguins the fish had,eaten,1,3.600672721862793,2.7874398231506348,3.705235481262207,5.629554748535156,3.8962490558624254,5.948395729064941,2.448174476623535
2,the aquarium visitor wondered which fish the penguins had swum from through the cold water.,1,alternative,alt_reversed,fish,penguins,The aquarium visitor wondered which fish the penguins had,swum from,1,22.04048156738281,17.492721140384674,18.68659245967865,7.745210498571396,8.420758484164253,11.694732293486595,11.626874812878668
3,the aquarium visitor wondered which penguins the fish had swum from through the cold water.,1,alternative,alt_canonical,penguins,fish,The aquarium visitor wondered which penguins the fish had,swum from,1,20.331166744232178,17.98504889011383,16.835087537765503,7.534204393625259,7.562013853224926,10.952763587236404,9.322983844205737
4,the superintendent overheard which tenant the landlord had evicted from the apartment.,2,reversal,canonical,tenant,landlord,The superintendent overheard which tenant the landlord had,evicted,2,7.79185436014086,7.724668228533119,9.403072031447664,1.3873083591461182,0.1693272441625595,0.002784743119264,8.80551187947276e-05
5,the superintendent overheard which landlord the tenant had evicted from the apartment.,2,reversal,reversed,landlord,tenant,The superintendent overheard which landlord the tenant had,evicted,2,8.422130290418863,9.44693811610341,9.198826876934618,2.396336078643799,0.1437940001487732,0.0019922470091842,0.00012657922843573033
6,the superintendent overheard which tenant the landlord had complained about for overcharging rent.,2,alternative,alt_reversed,tenant,landlord,The superintendent overheard which tenant the landlord had,complained about,2,8.006532549858093,8.126174688339233,7.592537999153137,3.246197283267975,3.5831305980682373,2.386618345975876,0.4550633542239666
7,the superintendent overheard which landlord the tenant had complained about for overcharging rent.,2,alternative,alt_canonical,landlord,tenant,The superintendent overheard which landlord the tenant had,complained about,2,7.783566176891327,6.567755818367004,8.520244002342224,3.613748997449875,4.915447324514389,3.932791918516159,0.8217248264700174
8,the roman emperor asked which god the gladiator had prayed to before the dangerous fight.,3,reversal,canonical,god,gladiator,The Roman emperor asked which god the gladiator had,prayed to,3,12.473381996154783,6.719106137752533,6.310479670763016,3.092270016670227,0.24009052477777,0.396779116243124,0.06081306375563145
9,the roman emperor asked which gladiator the god had prayed to before the dangerous fight.,3,reversal,reversed,gladiator,god,The Roman emperor asked which gladiator the god had,prayed to,3,15.234856009483336,10.672970712184906,11.032515347003937,9.60117506980896,6.214358925819397,5.639020681381226,3.8062374591827393
10,the roman emperor asked which god the gladiator had blessed with superhuman strength.,3,alternative,alt_reversed,god,gladiator,The Roman emperor asked which god the gladiator had,blessed,3,12.592982292175291,12.842970848083496,12.143831253051758,4.992888927459717,6.762656211853027,3.571845769882202,2.7768290042877197
11,the roman emperor asked which gladiator the god had blessed with superhuman strength.,3,alternative,alt_canonical,gladiator,god,The Roman emperor asked which gladiator the god had,blessed,3,14.291543960571287,9.62032985687256,8.981821060180664,5.193609237670898,4.441713333129883,1.802997350692749,1.7932260036468506
12,the scientist noted which antelope the lion had killed after a short chase.,4,reversal,canonical,antelope,lion,The scientist noted which antelope the lion had,killed,4,3.158911228179932,1.7821695804595947,1.3950117826461792,1.825883388519287,2.8659353256225586,2.2764036655426025,0.858130156993866
13,the scientist noted which lion the antelope had killed after a short chase.,4,reversal,reversed,lion,antelope,The scientist noted which lion the antelope had,killed,4,4.364484786987305,3.2810988426208496,2.7640514373779297,5.463499546051025,2.8891971111297607,2.890868663787842,1.9767658710479736
14,the scientist noted which antelope the lion had run from without any success.,4,alternative,alt_reversed,antelope,lion,The scientist noted which antelope the lion had,run from,4,16.20777702331543,16.4948148727417,16.12669086456299,9.047869682312012,10.786676406860352,11.566306591033936,17.813308715820312
15,the scientist noted which lion the antelope had run from without any success.,4,alternative,alt_canonical,lion,antelope,The scientist noted which lion the antelope had,run from,4,15.534232139587402,15.449292182922363,13.666462421417236,10.174614906311035,10.327311992645264,8.353013038635254,6.07274317741394
16,the secretary confirmed which illustrator the author had chosen for the novel.,5,reversal,canonical,illustrator,author,The secretary confirmed which illustrator the author had,chosen,5,3.043548107147217,2.942758083343506,2.0829851627349854,1.6442545652389526,0.9861155152320862,0.9446690678596495,2.011354923248291
17,the secretary confirmed which author the illustrator had chosen for the novel.,5,reversal,reversed,author,illustrator,The secretary confirmed which author the illustrator had,chosen,5,3.52567195892334,4.5504021644592285,3.3198788166046143,0.5106440186500549,0.7558678984642029,0.5146684050559998,1.0091556310653687
18,the secretary confirmed which illustrator the author had drawn for in the new children's novel.,5,alternative,alt_reversed,illustrator,author,The secretary confirmed which illustrator the author had,drawn for,5,8.007017135620117,10.101529121398926,9.239671230316162,13.19187307357788,19.4456844329834,13.279754400253296,12.557078242301941
19,the secretary confirmed which author the illustrator had drawn for in the new children's novel.,5,alternative,alt_canonical,author,illustrator,The secretary confirmed which author the illustrator had,drawn for,5,8.186704397201538,9.98923683166504,8.097446203231812,12.473740100860596,16.041813373565674,8.565008282661438,9.609108209609985
20,the homeowner asked which wasps the exterminator had killed in the local park.,6,reversal,canonical,wasps,exterminator,The homeowner asked which wasps the exterminator had,killed,7,3.818840265274048,3.09627103805542,3.8256618976593018,5.670452117919922,4.942488193511963,1.6240720748901367,2.8326945304870605
21,the homeowner asked which exterminator the wasps had killed in the local park.,6,reversal,reversed,exterminator,wasps,The homeowner asked which exterminator the wasps had,killed,7,5.598401069641113,6.9218034744262695,4.410167694091797,2.2323760986328125,4.174163341522217,5.575936317443848,4.915010929107666
22,the homeowner asked which wasps the exterminator had stung in the local park.,6,alternative,alt_reversed,wasps,exterminator,The homeowner asked which wasps the exterminator had,stung,7,12.112069129943848,11.190044164657593,9.21780888736248,19.476837158203125,18.581525802612305,8.77059257030487,6.442409723997116
23,the homeowner asked which exterminator the wasps had stung in the local park.,6,alternative,alt_canonical,exterminator,wasps,The homeowner asked which exterminator the wasps had,stung,7,14.104360818862917,11.771868377923964,8.58031091094017,15.550830841064451,15.087374687194824,9.80314564704895,7.532371997833252
24,the indians asked which buffalo the pioneers had killed during the stampede.,7,reversal,canonical,buffalo,pioneers,The Indians asked which buffalo the pioneers had,killed,8,2.4344048500061035,1.366241216659546,2.323195219039917,2.094505071640014,1.1661235094070437,0.9140148758888244,0.614173412322998
25,the indians asked which pioneers the buffalo had killed during the stampede.,7,reversal,reversed,pioneers,buffalo,The Indians asked which pioneers the buffalo had,killed,8,4.019385814666748,3.094917297363281,2.520873546600342,1.9711811542510984,0.7081791758537292,1.1848559379577637,0.9893597960472107
26,the indians asked which buffalo the pioneers had trampled during the stampede.,7,alternative,alt_reversed,buffalo,pioneers,The Indians asked which buffalo the pioneers had,trampled,8,12.001152509299573,15.032945680664852,13.470751353888772,0.0026911845634458,7.429650122503517e-05,0.0004787996876984,0.002498564004781656
27,the indians asked which pioneers the buffalo had trampled during the stampede.,7,alternative,alt_canonical,pioneers,buffalo,The Indians asked which pioneers the buffalo had,trampled,8,11.866560890281107,10.639039342058824,10.106147373269778,0.0037533494760282,0.0002641653572936,0.0005228272639214,0.0017611023868084885
28,the historian documented which prince the assassin had killed at the masquerade ball.,8,reversal,canonical,prince,assassin,The historian documented which prince the assassin had,killed,9,4.729759693145752,3.480037212371826,2.9075069427490234,4.710508346557617,2.3022119998931885,2.613429069519043,2.4891090393066406
29,the historian documented which assassin the prince had killed at the masquerade ball.,8,reversal,reversed,assassin,prince,The historian documented which assassin the prince had,killed,9,2.9614696502685547,3.835559844970703,3.2004897594451904,7.133617401123047,2.9880857467651367,4.050792694091797,3.8822455406188965
30,the historian documented which prince the assassin had avoided on the battlefield.,8,alternative,alt_reversed,prince,assassin,The historian documented which prince the assassin had,avoided,9,12.976550102233888,13.064143180847168,14.688669204711914,12.007587432861328,15.859798431396484,12.352960586547852,12.23631477355957
31,the historian documented which assassin the prince had avoided on the battlefield.,8,alternative,alt_canonical,assassin,prince,The historian documented which assassin the prince had,avoided,9,12.056914329528809,11.823094367980955,14.049371719360352,11.439233779907228,14.390575408935549,10.222633361816406,8.196616172790527
32,the naturalist observed which predators the deer had avoided in the woods.,9,reversal,canonical,predators,deer,The naturalist observed which predators the deer had,avoided,10,8.399632453918457,8.021600723266602,6.704705238342285,10.812323570251465,11.056819915771484,8.211854934692383,5.5787482261657715
33,the naturalist observed which deer the predators had avoided in the woods.,9,reversal,reversed,deer,predators,The naturalist observed which deer the predators had,avoided,10,9.592405319213867,11.640006065368652,9.25632095336914,13.993227005004885,9.745319366455078,11.98667049407959,9.948687553405762
34,the naturalist observed which predators the deer had hunted through the woods.,9,alternative,alt_reversed,predators,deer,The naturalist observed which predators the deer had,hunted,10,5.308226585388184,6.38258695602417,5.37000846862793,8.940311431884766,5.032078742980957,9.293773651123049,6.877346992492676
35,the naturalist observed which deer the predators had hunted through the woods.,9,alternative,alt_canonical,deer,predators,The naturalist observed which deer the predators had,hunted,10,5.639225959777832,5.745596408843994,5.436465263366699,6.425570487976074,6.054786682128906,6.526678085327148,5.080670356750488
36,the nanny knew which housekeeper the billionaire had hired at a high salary.,10,reversal,canonical,housekeeper,billionaire,The nanny knew which housekeeper the billionaire had,hired,11,5.444899082183838,3.941137790679932,2.7898874282836914,0.5361359715461731,0.1490126550197601,0.1781987845897674,0.397266149520874
37,the nanny knew which billionaire the housekeeper had hired at a high salary.,10,reversal,reversed,billionaire,housekeeper,The nanny knew which billionaire the housekeeper had,hired,11,5.524281024932861,5.013329982757568,4.514197826385498,2.174461841583252,3.126323938369751,3.1302602291107178,6.302561283111572
38,the nanny knew which housekeeper the billionaire had worked for for many years.,10,alternative,alt_reversed,housekeeper,billionaire,The nanny knew which housekeeper the billionaire had,worked for,11,14.004484057426453,13.783041507005692,12.26353520154953,2.96475113928318,1.642536163330078,5.793382786214352,4.168826401233673
39,the nanny knew which billionaire the housekeeper had worked for for many years.,10,alternative,alt_canonical,billionaire,housekeeper,The nanny knew which billionaire the housekeeper had,worked for,11,13.739273071289062,11.79188460111618,11.06195129454136,7.581740975379944,9.217404842376707,1.2133059464395046,0.4529885444790125
40,the park ranger documented which elephant the poacher had killed in the national park.,11,reversal,canonical,elephant,poacher,The park ranger documented which elephant the poacher had,killed,12,3.298797845840454,2.554269790649414,1.84467351436615,2.7457664012908936,1.3853601217269895,0.3627375364303589,0.24509590864181519
41,the park ranger documented which poacher the tiger had killed in the national park.,11,reversal,reversed,poacher,tiger,The park ranger documented which poacher the tiger had,killed,12,3.645085573196411,2.7459657192230225,0.76576167345047,2.09818959236145,1.2763341665267944,1.3081302642822266,1.0100857019424438
42,the park ranger documented which tiger the poacher had mauled in the national park.,11,alternative,alt_reversed,tiger,poacher,The park ranger documented which tiger the poacher had,mauled,12,12.729489476419984,10.444867039623205,11.871631885645913,0.005817141267471,0.0007209512696135,0.152926978553296,1.2563649083531345
43,the park ranger documented which poacher the elephant had mauled in the national park.,11,alternative,alt_canonical,poacher,elephant,The park ranger documented which poacher the elephant had,mauled,12,13.798479166813197,9.5913814335363,10.414256108924748,0.0061445962637662,0.0008695442666066,0.1858926004497334,0.06981119852207485
44,the restaurant owner forgot which customer the waitress had served at brunch that morning.,12,reversal,canonical,customer,waitress,The restaurant owner forgot which customer the waitress had,served,14,6.130661487579346,6.348971843719482,5.4643096923828125,1.9040873050689693,0.5804207921028137,0.4294943511486053,0.19928523898124695
45,the restaurant owner forgot which waitress the customer had served at brunch that morning.,12,reversal,reversed,waitress,customer,The restaurant owner forgot which waitress the customer had,served,14,5.728877067565918,7.9340081214904785,8.106443405151367,3.3570573329925537,2.73331880569458,4.756929874420166,5.678757190704346
46,the restaurant owner forgot which customer the waitress had tipped at brunch that morning.,12,alternative,alt_reversed,customer,waitress,The restaurant owner forgot which customer the waitress had,tipped,14,11.619643211364746,8.493047714233398,10.511752128601074,12.688891410827637,11.047359466552734,10.390426635742188,11.003939628601074
47,the restaurant owner forgot which waitress the customer had tipped at brunch that morning.,12,alternative,alt_canonical,waitress,customer,The restaurant owner forgot which waitress the customer had,tipped,14,11.45430850982666,8.989437103271484,9.058168411254885,13.136191368103027,10.785911560058594,10.905763626098633,4.665727138519287
48,the art historian researched which model the artist had painted with delicate watercolors.,13,reversal,canonical,model,artist,The art historian researched which model the artist had,painted,16,5.394201278686523,2.870993137359619,4.596590042114258,3.026710271835327,4.407664775848389,3.160655975341797,1.7002562284469604
49,the art historian researched which artist the model had painted with delicate watercolors.,13,reversal,reversed,artist,model,The art historian researched which artist the model had,painted,16,5.698035717010498,4.70526933670044,5.700082778930664,5.218571186065674,3.7694716453552246,3.544771671295166,2.9391863346099854
50,the art historian researched which model the artist had posed for in the studio.,13,alternative,alt_reversed,model,artist,The art historian researched which model the artist had,posed for,16,14.190434336662292,13.035916090011597,13.268431544303894,1.3419806212186811,3.048730969429016,5.22615385055542,4.229887127876282
51,the art historian researched which artist the model had posed for in the studio.,13,alternative,alt_canonical,artist,model,The art historian researched which artist the model had,posed for,16,12.742037892341614,8.619935512542725,9.977107405662537,2.5203685760498047,1.894098579883576,3.826330542564392,2.1984446346759796
52,the mafia boss knew which policeman the mobster had bribed with a suitcase of money.,14,reversal,canonical,policeman,mobster,The mafia boss knew which policeman the mobster had,bribed,17,11.46648183092475,11.021616619080303,10.170507296919824,0.0536806024319957,0.0024627915117889,0.0067169543472118,0.0007704822928644717
53,the mafia boss knew which mobster the policeman had bribed with a suitcase of money.,14,reversal,reversed,mobster,policeman,The mafia boss knew which mobster the policeman had,bribed,17,11.585873622447252,11.942574575543404,10.00876222923398,0.1095763399789575,0.0175835061818361,0.0068903127103112,0.0011061924160458148
54,the mafia boss knew which policeman the mobster had arrested on false charges.,14,alternative,alt_reversed,policeman,mobster,The mafia boss knew which policeman the mobster had,arrested,17,6.491500377655029,6.416708469390869,6.825732231140137,3.4569132328033447,0.5098969340324402,1.4932881593704224,0.5900077819824219
55,the mafia boss knew which mobster the policeman had arrested on false charges.,14,alternative,alt_canonical,mobster,policeman,The mafia boss knew which mobster the policeman had,arrested,17,7.131474018096924,4.785355567932129,6.507131576538086,2.331870079040528,0.2693193256855011,0.8950802683830261,0.19318191707134247
56,the scholar wondered which king the jester had entertained at the royal feast.,15,reversal,canonical,king,jester,The scholar wondered which king the jester had,entertained,18,12.251636505126951,11.873868942260742,12.841464042663574,3.8093936443328857,4.728471755981445,6.706466197967529,4.542361736297607
57,the scholar wondered which jester the king had entertained at the royal feast.,15,reversal,reversed,jester,king,The scholar wondered which jester the king had,entertained,18,12.30685806274414,11.6953706741333,10.303080558776855,5.65057373046875,4.937479972839356,5.453094959259033,5.116778373718262
58,the scholar wondered which king the jester had hired for the royal feast.,15,alternative,alt_reversed,king,jester,The scholar wondered which king the jester had,hired,18,8.853105545043945,9.522797584533691,10.224812507629396,7.781291961669922,8.821318626403809,7.286216735839844,8.289139747619629
59,the scholar wondered which jester the king had hired for the royal feast.,15,alternative,alt_canonical,jester,king,The scholar wondered which jester the king had,hired,18,7.504310131072998,6.396984100341797,6.137824058532715,3.613515138626098,5.362784862518311,4.314356803894043,3.0650994777679443
60,the sports doctor recalled which player the physical therapist had treated after the soccer game.,16,reversal,canonical,player,physical therapist,The sports doctor recalled which player the physical therapist had,treated,19,7.119278430938721,5.807136058807373,5.938573360443115,6.721446514129639,5.897502422332764,6.864434242248535,3.476228952407837
61,the sports doctor recalled which physical therapist the player had treated after the soccer game.,16,reversal,reversed,physical therapist,player,The sports doctor recalled which physical therapist the player had,treated,19,8.011584281921387,8.741957664489746,8.366179466247559,11.25236988067627,11.78403377532959,13.216989517211914,11.966635704040527
62,the sports doctor recalled which player the physical therapist had seen after the soccer game.,16,alternative,alt_reversed,player,physical therapist,The sports doctor recalled which player the physical therapist had,seen,19,5.387762546539307,3.9811370372772217,3.60218358039856,4.96195125579834,3.6907835006713854,1.04252028465271,2.668658971786499
63,the sports doctor recalled which physical therapist the player had seen after the soccer game.,16,alternative,alt_canonical,physical therapist,player,The sports doctor recalled which physical therapist the player had,seen,19,6.430918216705322,5.168758392333984,3.3818392753601074,2.7973129749298096,1.2925982475280762,0.8673731684684753,1.286804437637329
64,the barkeeper explained which regulars the barmaid had served on thursday night.,17,reversal,canonical,regulars,barmaid,The barkeeper explained which regulars the barmaid had,served,20,5.085590362548828,5.867992877960205,6.47190523147583,3.589569568634033,3.720254421234131,2.179614543914795,0.9745059609413147
65,the barkeeper explained which barmaid the regulars had served on thursday night.,17,reversal,reversed,barmaid,regulars,The barkeeper explained which barmaid the regulars had,served,20,6.737878322601318,9.408117294311523,9.851845741271973,4.226451396942139,4.671562194824219,5.925964832305908,7.4600348472595215
66,the barkeeper explained which regulars the barmaid had tipped for excellent service.,17,alternative,alt_reversed,regulars,barmaid,The barkeeper explained which regulars the barmaid had,tipped,20,11.64174461364746,11.085731506347656,9.301408767700195,11.114287376403809,10.043813705444336,4.576301574707031,8.538578033447266
67,the barkeeper explained which barmaid the regulars had tipped for excellent service.,17,alternative,alt_canonical,barmaid,regulars,The barkeeper explained which barmaid the regulars had,tipped,20,11.231925010681152,11.420208930969238,9.742725372314451,11.041613578796388,7.286409378051758,8.063765525817871,6.538197040557861
68,the assistant guessed which skeptic the magician had convinced during a riveting performance.,18,reversal,canonical,skeptic,magician,The assistant guessed which skeptic the magician had,convinced,21,11.402729988098145,10.09003734588623,11.52281665802002,10.606526374816896,11.200860977172852,8.266075134277344,7.497067928314209
69,the assistant guessed which magician the skeptic had convinced during a riveting performance.,18,reversal,reversed,magician,skeptic,The assistant guessed which magician the skeptic had,convinced,21,11.192234992980955,11.497004508972168,11.931666374206545,12.618342399597168,14.308452606201172,12.215717315673828,13.222972869873047
70,the assistant guessed which skeptic the magician had exposed as a fraud.,18,alternative,alt_reversed,skeptic,magician,The assistant guessed which skeptic the magician had,exposed,21,12.954415321350098,11.68204116821289,11.04951000213623,5.412112236022949,1.1002528667449951,1.9839670658111568,1.5720479488372803
71,the assistant guessed which magician the skeptic had exposed as a fraud.,18,alternative,alt_canonical,magician,skeptic,The assistant guessed which magician the skeptic had,exposed,21,12.235357284545898,11.70140266418457,11.631546974182127,4.700708389282227,0.956229031085968,3.104806900024414,2.5839993953704834
72,the farmer's wife heard which chicken the farmhand had killed outside the coop.,19,reversal,canonical,chicken,farmhand,The farmer's wife heard which chicken the farmhand had,killed,22,6.308103561401367,4.163246154785156,3.64371109008789,6.233462810516357,3.67191481590271,4.027462005615234,5.857641220092773
73,the farmer's wife heard which farmhand the chicken had killed outside the coop.,19,reversal,reversed,farmhand,chicken,The farmer's wife heard which farmhand the chicken had,killed,22,6.699145317077637,7.718966484069824,3.2475855350494385,3.749725341796875,2.1040852069854736,3.394737958908081,7.619590759277344
74,the farmer's wife heard which chicken the farmhand had pecked outside the coop.,19,alternative,alt_reversed,chicken,farmhand,The farmer's wife heard which chicken the farmhand had,pecked,22,13.667761443182826,12.428572368458845,11.809151416178793,6.22556571289897,3.164689876837656,0.1061449400149285,0.04963556834263727
75,the farmer's wife heard which farmhand the chicken had pecked outside the coop.,19,alternative,alt_canonical,farmhand,chicken,The farmer's wife heard which farmhand the chicken had,pecked,22,13.758842865005136,14.850412881292868,9.611543940845875,5.720574364066124,1.201257587177679,0.0768390959128737,0.0831955753164948
76,the ufologist knew which astronaut the alien had abducted from the spaceship.,20,reversal,canonical,astronaut,alien,The UFOlogist knew which astronaut the alien had,abducted,23,10.00831127166748,6.633500099182129,7.745460987091064,5.0033769607543945,3.521147966384888,7.748704433441162,3.6341943740844727
77,the ufologist knew which alien the astronaut had abducted from the spaceship.,20,reversal,reversed,alien,astronaut,The UFOlogist knew which alien the astronaut had,abducted,23,11.566765785217283,9.298598289489746,11.968393325805664,5.560441017150879,5.460780620574951,10.330636978149414,5.714881896972656
78,the ufologist knew which astronaut the alien had seen on the ice planet.,20,alternative,alt_reversed,astronaut,alien,The UFOlogist knew which astronaut the alien had,seen,23,4.7569684982299805,5.141714572906494,6.869282245635986,2.40996527671814,4.877927303314209,4.350247383117676,6.18992805480957
79,the ufologist knew which alien the astronaut had seen on the ice planet.,20,alternative,alt_canonical,alien,astronaut,The UFOlogist knew which alien the astronaut had,seen,23,3.176753520965576,2.078695058822632,2.4034066200256348,0.7337316274642944,1.6600275039672852,2.476839065551758,4.045879364013672
80,the priest recorded which cannibal the missionary had converted in the remote territories.,21,reversal,canonical,cannibal,missionary,The priest recorded which cannibal the missionary had,converted,24,11.090255737304688,11.627578735351562,11.273967742919922,13.563713073730469,14.353281021118164,12.747889518737791,10.205692291259766
81,the priest recorded which missionary the cannibal had converted in the remote territories.,21,reversal,reversed,missionary,cannibal,The priest recorded which missionary the cannibal had,converted,24,9.755285263061523,9.036205291748049,7.524874687194824,12.023568153381348,10.12415599822998,14.60706615447998,10.56799030303955
82,the priest recorded which cannibal the missionary had eaten for his dinner.,21,alternative,alt_reversed,cannibal,missionary,The priest recorded which cannibal the missionary had,eaten,24,2.7533514499664307,2.5194880962371826,1.6186195611953735,4.7212677001953125,3.9114742279052734,4.9775824546813965,4.195496082305908
83,the priest recorded which missionary the cannibal had eaten for his dinner.,21,alternative,alt_canonical,missionary,cannibal,The priest recorded which missionary the cannibal had,eaten,24,4.358310222625732,3.931033611297608,4.446476459503174,5.677051067352295,5.358156681060791,6.821308135986328,4.547887325286865
84,the forest ranger learned which hiker the bear had mauled on the mountain trail.,22,reversal,canonical,hiker,bear,The forest ranger learned which hiker the bear had,mauled,25,11.697197560220957,8.702784401830286,7.935152757912874,0.0046366522728931,0.0003549721877789,0.0481578953913413,0.005079679445771035
85,the forest ranger learned which bear the hiker had mauled on the mountain trail.,22,reversal,reversed,bear,hiker,The forest ranger learned which bear the hiker had,mauled,25,11.821025719866157,10.699456642265432,11.467765312991103,0.0567570254206657,0.0007512202282669,0.4491306379204616,0.04514475702308118
86,the forest ranger learned which hiker the bear had seen in the state park.,22,alternative,alt_reversed,hiker,bear,The forest ranger learned which hiker the bear had,seen,25,6.563034057617188,6.681303024291992,7.016820430755615,1.7711529731750488,4.810534954071045,3.724409580230713,4.592679500579834
87,the forest ranger learned which bear the hiker had seen in the state park.,22,alternative,alt_canonical,bear,hiker,The forest ranger learned which bear the hiker had,seen,25,4.95460844039917,3.813116788864136,3.071440935134888,0.5038664937019348,0.7072188258171082,1.3516982793807983,0.7965741157531738
88,the thief saw which con artist the detective had arrested after a long investigation.,23,reversal,canonical,con artist,detective,The thief saw which con artist the detective had,arrested,26,7.796201705932617,8.017858505249023,9.048466682434082,6.627608776092529,4.559879302978516,3.852266788482666,3.0051889419555664
89,the thief saw which detective the con artist had arrested after a long investigation.,23,reversal,reversed,detective,con artist,The thief saw which detective the con artist had,arrested,26,8.316255569458008,8.320591926574707,8.722813606262207,7.391175270080566,9.543896675109863,8.041220664978027,5.6122918128967285
90,the thief saw which con artist the detective had tricked during the interrogation.,23,alternative,alt_reversed,con artist,detective,The thief saw which con artist the detective had,tricked,26,9.952220916748049,8.743498802185059,8.94293212890625,12.121700286865234,13.845797538757324,10.149002075195312,9.750514030456543
91,the thief saw which detective the con artist had tricked during the interrogation.,23,alternative,alt_canonical,detective,con artist,The thief saw which detective the con artist had,tricked,26,11.255314826965332,9.906662940979004,8.676655769348145,12.528424263000488,14.437660217285156,8.281440734863281,8.664067268371582
92,the news anchor explained which criminal the journalist had interviewed over the phone.,24,reversal,canonical,criminal,journalist,The news anchor explained which criminal the journalist had,interviewed,27,9.485980033874512,5.676627159118652,7.5845842361450195,8.241339683532715,7.857480049133301,4.3165717124938965,1.473019003868103
93,the news anchor explained which journalist the criminal had interviewed over the phone.,24,reversal,reversed,journalist,criminal,The news anchor explained which journalist the criminal had,interviewed,27,7.262224674224853,7.563065052032471,6.843342304229736,4.8521270751953125,9.135574340820312,6.275261878967285,7.553142070770264
94,the news anchor explained which criminal the journalist had confessed to over the phone.,24,alternative,alt_reversed,criminal,journalist,The news anchor explained which criminal the journalist had,confessed to,27,7.921999901533127,9.687932059168816,7.96842260658741,10.714437832590193,10.23936573555693,10.766210597008468,8.561687130481005
95,the news anchor explained which journalist the criminal had confessed to over the phone.,24,alternative,alt_canonical,journalist,criminal,The news anchor explained which journalist the criminal had,confessed to,27,9.18492978811264,10.58119860291481,9.1008478179574,13.101074606413022,12.539662336697802,11.484035313129423,6.477857147343457
96,the detective recalled which thief the cop had arrested in the bank.,25,reversal,canonical,thief,cop,The detective recalled which thief the cop had,arrested,28,6.301763534545898,4.538702011108398,4.357131004333496,8.146186828613281,6.146907806396484,6.67841386795044,4.782130241394043
97,the detective recalled which cop the thief had arrested in the bank.,25,reversal,reversed,cop,thief,The detective recalled which cop the thief had,arrested,28,6.7015886306762695,8.029184341430664,7.783340930938721,7.659804344177246,7.855743885040283,8.679142951965332,10.418879508972168
98,the detective recalled which thief the cop had run from during the arrest.,25,alternative,alt_reversed,thief,cop,The detective recalled which thief the cop had,run from,28,13.637932300567629,16.135550022125244,15.805408000946043,11.59172010421753,9.16369652748108,4.939773678779602,10.997665882110596
99,the detective recalled which cop the thief had run from during the arrest.,25,alternative,alt_canonical,cop,thief,The detective recalled which cop the thief had,run from,28,13.711931705474854,13.086883544921877,11.165269136428831,12.345465183258057,10.250031232833862,4.930957317352295,3.9424972534179688
100,the policeman observed which old lady the thief had robbed at a street corner.,26,reversal,canonical,old lady,thief,The policeman observed which old lady the thief had,robbed,29,6.604574203491211,5.2123894691467285,5.623772144317627,9.308387756347656,6.007016658782959,0.9835674166679382,2.3695247173309326
101,the policeman observed which thief the old lady had robbed at a street corner.,26,reversal,reversed,thief,old lady,The policeman observed which thief the old lady had,robbed,29,5.283395290374756,5.814565658569336,6.448050022125244,8.526537895202637,8.672394752502441,3.88706374168396,6.035363674163818
102,the policeman observed which old lady the thief had identified from the line-up.,26,alternative,alt_reversed,old lady,thief,The policeman observed which old lady the thief had,identified,29,8.991109848022461,10.37157154083252,9.57411003112793,7.231350421905518,11.287298202514648,8.627756118774414,10.978833198547363
103,the policeman observed which thief the old lady had identified from the line-up.,26,alternative,alt_canonical,thief,old lady,The policeman observed which thief the old lady had,identified,29,9.035863876342772,9.02016830444336,8.162056922912598,8.401049613952637,8.528399467468262,8.416712760925293,4.493661880493164
104,the cattle rancher remembered which bull the cowboy had ridden at the local rodeo.,27,reversal,canonical,bull,cowboy,The cattle rancher remembered which bull the cowboy had,ridden,30,6.698638916015625,6.370908737182617,5.768149375915527,2.129234552383423,1.7305554151535034,2.1767115592956543,1.6562341451644897
105,the cattle rancher remembered which cowboy the bull had ridden at the local rodeo.,27,reversal,reversed,cowboy,bull,The cattle rancher remembered which cowboy the bull had,ridden,30,5.816216468811035,6.451853275299072,5.657652854919434,5.096140384674072,6.328365802764893,5.528353214263916,6.163330078125
106,the cattle rancher remembered which bull the cowboy had gored out on the range.,27,alternative,alt_reversed,bull,cowboy,The cattle rancher remembered which bull the cowboy had,gored,30,16.82611083984375,12.648407321423292,13.349048087373376,11.531466003594687,3.860286752281354,8.483909845352173,4.504101753234863
107,the cattle rancher remembered which cowboy the bull had gored out on the range.,27,alternative,alt_canonical,cowboy,bull,The cattle rancher remembered which cowboy the bull had,gored,30,17.229865550994873,14.0100200176239,12.193411787971854,7.470324552268721,1.949402679720152,8.357245206832886,2.8823081254959106
108,the immunization specialist confirmed which patient the nurse had vaccinated for virulent measles.,28,reversal,canonical,patient,nurse,The immunization specialist confirmed which patient the nurse had,vaccinated,31,7.561964511871338,8.863616943359375,5.824272155761719,0.0040918113227235,0.0002559101776569,6.305390357971191,5.676737308502197
109,the immunization specialist confirmed which nurse the patient had vaccinated for virulent measles.,28,reversal,reversed,nurse,patient,The immunization specialist confirmed which nurse the patient had,vaccinated,31,9.228682518005373,10.113515853881836,9.388327598571776,0.0136567981826374,0.0007099444010236,7.026316642761231,5.801351547241211
110,the immunization specialist confirmed which patient the nurse had seen for a vaccine.,28,alternative,alt_reversed,patient,nurse,The immunization specialist confirmed which patient the nurse had,seen,31,6.13808012008667,3.362626791000366,3.02341365814209,8.663080215454102,10.136265754699709,5.552191734313965,5.600927352905273
111,the immunization specialist confirmed which nurse the patient had seen for a vaccine.,28,alternative,alt_canonical,nurse,patient,The immunization specialist confirmed which nurse the patient had,seen,31,6.629427433013916,4.543258666992188,4.437936782836914,7.708602428436279,8.911360740661621,3.2577476501464844,3.8723227977752686
112,the naturalist described which chick the snake had eaten right out of the nest.,29,reversal,canonical,chick,snake,The naturalist described which chick the snake had,eaten,32,3.909713268280029,3.658987283706665,3.289955139160156,7.501230239868164,3.527266502380371,4.358508110046387,3.225651502609253
113,the naturalist described which snake the chick had eaten right out of the nest.,29,reversal,reversed,snake,chick,The naturalist described which snake the chick had,eaten,32,3.99039363861084,2.8694632053375244,3.7145514488220215,8.404268264770508,5.078680515289307,2.292870044708252,2.3301916122436523
114,the naturalist described which chick the snake had run from through the forest.,29,alternative,alt_reversed,chick,snake,The naturalist described which chick the snake had,run from,32,16.83839511871338,17.46960687637329,16.544514656066895,12.856837272644045,13.220391750335692,13.800559520721436,8.735783100128174
115,the naturalist described which snake the chick had run from through the forest.,29,alternative,alt_canonical,snake,chick,The naturalist described which snake the chick had,run from,32,16.530597686767578,15.480882167816162,15.206326007843018,9.728256464004517,15.03472137451172,11.435418128967283,8.327730178833008
116,the doctor knew which insects the biologist had studied in the high tech lab.,30,reversal,canonical,insects,biologist,The doctor knew which insects the biologist had,studied,33,6.754961013793945,6.241621971130371,7.241615772247314,6.552849769592285,1.9534215927124023,4.672919750213623,1.5031999349594116
117,the doctor knew which biologist the insects had studied in the high tech lab.,30,reversal,reversed,biologist,insects,The doctor knew which biologist the insects had,studied,33,7.924894332885742,8.234253883361816,7.551719665527344,7.509063243865967,6.366837501525879,5.00877857208252,6.925347805023193
118,the doctor knew which insects the biologist had bitten in the high tech lab.,30,alternative,alt_reversed,insects,biologist,The doctor knew which insects the biologist had,bitten,33,7.972268104553223,6.111432552337647,3.8996639251708975,10.619927406311035,16.780977249145508,13.28836154937744,16.475948333740234
119,the doctor knew which biologist the insects had bitten in the high tech lab.,30,alternative,alt_canonical,biologist,insects,The doctor knew which biologist the insects had,bitten,33,6.928110599517822,6.679685115814209,6.681600093841553,8.520964622497559,10.820319175720217,6.525335311889648,4.58979606628418
120,the veteran forgot which war hero the president had honored at the grand ceremony.,31,reversal,canonical,hero,president,The veteran forgot which war hero the president had,honored,34,8.879862785339355,7.312041759490967,5.618960857391357,5.494662761688232,2.8137366771698,0.9736694693565368,1.12483811378479
121,the veteran forgot which president the war hero had honored at the grand ceremony.,31,reversal,reversed,president,hero,The veteran forgot which president the war hero had,honored,34,10.92091464996338,9.469337463378906,9.707879066467283,10.158380508422852,4.833242416381836,6.619537830352783,2.374791383743286
122,the veteran forgot which war hero the president had served many years ago.,31,alternative,alt_reversed,hero,president,The veteran forgot which war hero the president had,served,34,6.328774452209473,7.824104309082031,8.805989265441895,8.730067253112793,8.911142349243164,10.152259826660156,11.056145668029785
123,the veteran forgot which president the war hero had served many years ago.,31,alternative,alt_canonical,president,hero,The veteran forgot which president the war hero had,served,34,4.699138164520264,4.342944622039795,3.865208148956299,5.297545909881592,1.3422833681106567,5.371553421020508,2.014519453048706
124,the police detective described which bank teller the robber had threatened with a revolver.,32,reversal,canonical,bank teller,robber,The police detective described which bank teller the robber had,threatened,35,11.230384826660156,5.986393928527832,6.854898452758789,4.754077911376953,5.054483413696289,1.6280070543289185,1.9937770366668701
125,the police detective described which robber the bank teller had threatened with a revolver.,32,reversal,reversed,robber,bank teller,The police detective described which robber the bank teller had,threatened,35,7.991045951843262,7.353141784667969,10.52629566192627,6.634664058685303,7.000666618347168,6.587650775909424,3.495969772338867
126,the police detective described which bank teller the robber had identified after the hold-up.,32,alternative,alt_reversed,bank teller,robber,The police detective described which bank teller the robber had,identified,35,6.552984714508057,9.452881813049316,7.925327777862549,8.902217864990234,8.524989128112793,10.676467895507812,6.951472759246826
127,the police detective described which robber the bank teller had identified after the hold-up.,32,alternative,alt_canonical,robber,bank teller,The police detective described which robber the bank teller had,identified,35,7.1912522315979,6.090277194976807,5.1186370849609375,6.079814910888672,7.337885856628418,6.522144794464111,3.1846563816070557
128,the circus owner recalled which lion the animal trainer had trained for many years.,33,reversal,canonical,lion,animal trainer,The circus owner recalled which lion the animal trainer had,trained,36,6.755368232727051,6.615427017211914,6.513620853424072,2.817532539367676,3.536640167236328,1.821959376335144,2.783191204071045
129,the circus owner recalled which animal trainer the lion had trained for many years.,33,reversal,reversed,animal trainer,lion,The circus owner recalled which animal trainer the lion had,trained,36,4.035335063934326,3.371333360671997,7.631622791290283,2.892678022384644,7.852317810058594,7.708331108093262,7.761480808258057
130,the circus owner recalled which lion the animal trainer had mauled in the middle of the performance.,33,alternative,alt_reversed,lion,animal trainer,The circus owner recalled which lion the animal trainer had,mauled,36,13.414921800605953,10.081276462587994,10.251639863010496,0.021386386710219,0.0038551631441805,0.0632731058831268,0.1353847396094352
131,the circus owner recalled which animal trainer the lion had mauled in the middle of the performance.,33,alternative,alt_canonical,animal trainer,lion,The circus owner recalled which animal trainer the lion had,mauled,36,13.864894434809685,10.209369218326174,7.609459128696471,0.0046971901319921,0.0006549099271069,0.0668310855253366,0.002674674160516588
132,the lab manager remembered which virus the researcher had studied under the microscope.,34,reversal,canonical,virus,researcher,The lab manager remembered which virus the researcher had,studied,37,8.144878387451172,6.496728420257568,6.477591037750244,5.478168964385986,4.39699649810791,5.513150215148926,3.5151162147521973
133,the lab manager remembered which researcher the virus had studied under the microscope.,34,reversal,reversed,researcher,virus,The lab manager remembered which researcher the virus had,studied,37,7.37726879119873,11.182042121887209,8.999279975891113,9.965768814086914,9.840227127075195,7.778722763061523,8.798181533813477
134,the lab manager remembered which virus the researcher had infected after the vial broke.,34,alternative,alt_reversed,virus,researcher,The lab manager remembered which virus the researcher had,infected,37,4.726358413696289,5.221492290496826,5.622019290924072,5.462859630584717,7.6545090675354,6.768085479736328,9.530205726623535
135,the lab manager remembered which researcher the virus had infected after the vial broke.,34,alternative,alt_canonical,researcher,virus,The lab manager remembered which researcher the virus had,infected,37,3.37377667427063,1.299616456031799,1.567665934562683,6.690173149108887,1.5410401821136477,0.959544837474823,1.1454265117645264
136,the store manager noted which elderly man the it technician had helped with software issues.,35,reversal,canonical,elderly man,IT technician,The store manager noted which elderly man the IT technician had,helped,38,7.996472358703613,6.124002456665039,5.452275276184082,5.846737384796143,6.416450023651123,0.7886849045753479,0.23337358236312866
137,the store manager noted which it technician the elderly man had helped with software issues.,35,reversal,reversed,IT technician,elderly man,The store manager noted which IT technician the elderly man had,helped,38,8.286932945251465,8.542028427124023,8.546449661254883,13.297290802001951,10.61179542541504,7.119058132171631,10.52084732055664
138,the store manager noted which elderly man the it technician had asked for earlier that day.,35,alternative,alt_reversed,elderly man,IT technician,The store manager noted which elderly man the IT technician had,asked for,38,7.897949814796448,8.32272744178772,8.66682505607605,3.1872388124465942,4.846014261245728,6.440323829650879,8.017126560211182
139,the store manager noted which it technician the elderly man had asked for earlier that day.,35,alternative,alt_canonical,IT technician,elderly man,The store manager noted which IT technician the elderly man had,asked for,38,8.561136722564697,7.367453098297119,7.72935152053833,2.340096414089203,2.6398112773895264,4.080592513084412,3.721049666404724
140,the villain knew which victim the superhero had saved from the burning building.,36,reversal,canonical,victim,superhero,The villain knew which victim the superhero had,saved,39,7.476022720336914,5.225784778594971,5.010159969329834,2.562403917312622,2.180580377578736,0.4009066820144653,1.8021910190582275
141,the villain knew which superhero the victim had saved from the burning building.,36,reversal,reversed,superhero,victim,The villain knew which superhero the victim had,saved,39,8.940192222595215,7.688422679901123,7.837216377258301,5.701596260070801,6.5938215255737305,2.915403127670288,2.103928327560425
142,the villain knew which victim the superhero had called during the emergency.,36,alternative,alt_reversed,victim,superhero,The villain knew which victim the superhero had,called,39,9.494048118591309,9.917460441589355,10.735533714294434,9.186443328857422,12.49502944946289,11.39090061187744,11.99048137664795
143,the villain knew which superhero the victim had called during the emergency.,36,alternative,alt_canonical,superhero,victim,The villain knew which superhero the victim had,called,39,8.952707290649414,8.624756813049316,9.264222145080566,9.129105567932127,5.299824237823486,7.110958576202393,2.212247133255005
144,the foreign correspondent recalled which politician the interpreter had translated for in the press conference.,37,reversal,canonical,politician,interpreter,The foreign correspondent recalled which politician the interpreter had,translated for,40,14.358432054519652,12.866547346115112,11.428619861602783,19.127549648284912,10.733259677886965,7.823654294013977,6.772252857685089
145,the foreign correspondent recalled which interpreter the politician had translated for in the press conference.,37,reversal,reversed,interpreter,politician,The foreign correspondent recalled which interpreter the politician had,translated for,40,13.855858087539673,12.76367712020874,13.662869930267334,24.76489353179932,14.542824268341064,13.138572216033936,17.20142912864685
146,the foreign correspondent recalled which politician the interpreter had used in the press conference.,37,alternative,alt_reversed,politician,interpreter,The foreign correspondent recalled which politician the interpreter had,used,40,6.99384355545044,6.980162143707275,7.095422744750977,1.9194722175598145,4.704326629638672,4.796242713928223,6.2873992919921875
147,the foreign correspondent recalled which interpreter the politician had used in the press conference.,37,alternative,alt_canonical,interpreter,politician,The foreign correspondent recalled which interpreter the politician had,used,40,3.814635753631592,3.272447347640991,3.90996766090393,0.8878817558288574,0.1187368184328079,0.530997097492218,0.1627918928861618
148,the cybersecurity expert explained which hacker the government had arrested in the middle of the night.,38,reversal,canonical,hacker,government,The cybersecurity expert explained which hacker the government had,arrested,41,9.22727394104004,6.28514289855957,6.398884296417236,6.270172595977783,5.660630226135254,3.1623647212982178,3.7985875606536865
149,the cybersecurity expert explained which government the hacker had arrested in the middle of the night.,38,reversal,reversed,government,hacker,The cybersecurity expert explained which government the hacker had,arrested,41,12.24309539794922,11.296568870544434,12.648639678955078,11.434679985046388,12.335016250610352,11.838768005371094,14.506634712219238
150,the cybersecurity expert explained which hacker the government had infiltrated in the middle of the night.,38,alternative,alt_reversed,hacker,government,The cybersecurity expert explained which hacker the government had,infiltrated,41,7.756026744842529,9.04809284210205,10.438371658325195,1.3997543644727557,5.883811076279017,8.947527885437012,11.423406600952148
151,the cybersecurity expert explained which government the hacker had infiltrated in the middle of the night.,38,alternative,alt_canonical,government,hacker,The cybersecurity expert explained which government the hacker had,infiltrated,41,4.461653709411621,4.615419864654541,3.8614370822906494,0.0856514853658154,1.4156937995530825,3.5313100814819336,7.46480655670166
152,the believer wondered which prophet the gods had chosen in the ancient days.,39,reversal,canonical,prophet,gods,The believer wondered which prophet the gods had,chosen,42,4.242980003356934,2.164680957794189,1.5546571016311646,2.6106855869293213,3.767980337142944,2.612022876739502,1.5251091718673706
153,the believer wondered which gods the prophet had chosen in the ancient days.,39,reversal,reversed,gods,prophet,The believer wondered which gods the prophet had,chosen,42,4.077138900756836,4.2248735427856445,4.179728984832764,6.285945415496826,9.839345932006836,4.969891548156738,9.907312393188477
154,the believer wondered which prophet the gods had worshipped in the ancient days.,39,alternative,alt_reversed,prophet,gods,The believer wondered which prophet the gods had,worshipped,42,9.62763786315918,8.684259414672852,9.475472450256348,5.765751361846924,5.268102169036865,7.754379749298096,8.136083602905273
155,the believer wondered which gods the prophet had worshipped in the ancient days.,39,alternative,alt_canonical,gods,prophet,The believer wondered which gods the prophet had,worshipped,42,6.710262298583984,5.260181427001953,4.867490291595459,2.8913779258728027,3.14007306098938,1.5173850059509275,1.5247514247894287
156,the housewife knew which dog the cat had scratched across the nose.,40,reversal,canonical,dog,cat,The housewife knew which dog the cat had,scratched,43,11.873308181762695,10.455972671508787,9.408235549926758,7.071945667266846,3.17971420288086,2.174446821212769,3.7864856719970703
157,the housewife knew which cat the dog had scratched across the nose.,40,reversal,reversed,cat,dog,The housewife knew which cat the dog had,scratched,43,11.847926139831545,10.13704776763916,8.810860633850098,7.524745941162109,2.7862069606781006,3.1767148971557617,5.080163955688477
158,the housewife knew which dog the cat had chased around the tree.,40,alternative,alt_reversed,dog,cat,The housewife knew which dog the cat had,chased,43,10.841841697692873,10.149199485778809,8.618515968322754,4.04041051864624,2.3652305603027344,4.8257036209106445,0.4229947626590729
159,the housewife knew which cat the dog had chased around the tree.,40,alternative,alt_canonical,cat,dog,The housewife knew which cat the dog had,chased,43,11.377238273620604,9.264719009399414,7.723172664642334,4.148081302642822,2.176810503005981,3.1896755695343018,0.15601715445518494
160,the missionary mentioned which sinners the priest had forgiven during the service.,41,reversal,canonical,sinners,priest,The missionary mentioned which sinners the priest had,forgiven,44,7.446171760559082,8.257357597351074,6.8147149085998535,7.80880880355835,2.8426077365875244,7.1436967849731445,2.547682285308838
161,the missionary mentioned which priest the sinners had forgiven during the service.,41,reversal,reversed,priest,sinners,The missionary mentioned which priest the sinners had,forgiven,44,9.818795204162598,11.011842727661133,8.227020263671875,11.68776798248291,12.255863189697266,11.439401626586914,8.830381393432617
162,the missionary mentioned which sinners the priest had confessed to during the service.,41,alternative,alt_reversed,sinners,priest,The missionary mentioned which sinners the priest had,confessed to,44,8.807305932044983,10.008256077766418,11.46350598335266,9.263581310398877,7.059457372641191,10.115481369197369,6.229690581560135
163,the missionary mentioned which priest the sinners had confessed to during the service.,41,alternative,alt_canonical,priest,sinners,The missionary mentioned which priest the sinners had,confessed to,44,9.08975374698639,7.220960021018982,7.161353588104248,10.117906238883734,9.026367776561528,11.070211201906204,6.293601773679256
164,the mother watched which swans the child had fed at the pond.,42,reversal,canonical,swans,child,The mother watched which swans the child had,fed,45,10.218487739562988,7.677646636962891,6.844259262084961,8.5991849899292,6.261926651000977,6.656532287597656,4.914356231689453
165,the mother watched which child the swans had fed at the pond.,42,reversal,reversed,child,swans,The mother watched which child the swans had,fed,45,10.299256324768066,6.237494468688965,6.0156779289245605,5.71992826461792,6.50673246383667,7.107253074645996,7.866590976715088
166,the mother watched which swans the child had swum to at the pond.,42,alternative,alt_reversed,swans,child,The mother watched which swans the child had,swum to,45,16.73693323135376,12.268614768981934,12.953159809112549,5.105955791193992,6.420218298677355,9.424694698303938,3.5148246232420206
167,the mother watched which child the swans had swum to at the pond.,42,alternative,alt_canonical,child,swans,The mother watched which child the swans had,swum to,45,17.25215458869934,12.34894871711731,13.81932270526886,6.532159731723368,8.003504420863464,4.865303669590503,4.108618848025799
168,the biologist recorded which mouse the owl had eaten after the drought.,43,reversal,canonical,mouse,owl,The biologist recorded which mouse the owl had,eaten,46,3.951330184936523,2.8380494117736816,3.689554691314697,1.8151626586914065,6.961332321166992,1.8558111190795896,1.7752902507781982
169,the biologist recorded which owl the mouse had eaten after the drought.,43,reversal,reversed,owl,mouse,The biologist recorded which owl the mouse had,eaten,46,5.086019515991211,3.563062191009521,3.8225111961364746,3.467627048492432,6.041361331939697,1.969850778579712,2.3345391750335693
170,the biologist recorded which mouse the owl had avoided after the drought.,43,alternative,alt_reversed,mouse,owl,The biologist recorded which mouse the owl had,avoided,46,12.24941349029541,12.700299263000488,11.63570785522461,12.29524040222168,10.093365669250488,12.238940238952637,7.689192771911621
171,the biologist recorded which owl the mouse had avoided after the drought.,43,alternative,alt_canonical,owl,mouse,The biologist recorded which owl the mouse had,avoided,46,11.424568176269531,12.710128784179688,11.253377914428713,11.315205574035645,10.99465560913086,8.978168487548828,7.375760555267334
172,the riding instructor remembered which pony the girl had ridden for the first time.,44,reversal,canonical,pony,girl,The riding instructor remembered which pony the girl had,ridden,47,4.159679889678955,4.375370502471924,4.393130302429199,1.877220869064331,0.3013589978218078,0.4613537788391113,0.31377339363098145
173,the riding instructor remembered which girl the pony had ridden for the first time.,44,reversal,reversed,girl,pony,The riding instructor remembered which girl the pony had,ridden,47,7.173575401306152,5.827179431915283,5.31391191482544,7.57949161529541,4.964064598083496,3.1157257556915283,4.651324272155762
174,the riding instructor remembered which pony the girl had thrown off for the first time.,44,alternative,alt_reversed,pony,girl,The riding instructor remembered which pony the girl had,thrown off,47,15.690508842468262,13.689477920532228,15.98683738708496,9.663687229156494,14.222936630249023,12.308140754699709,13.981358528137207
175,the riding instructor remembered which girl the pony had thrown off for the first time.,44,alternative,alt_canonical,girl,pony,The riding instructor remembered which girl the pony had,thrown off,47,15.02306079864502,13.128995895385742,14.82301425933838,9.405277252197266,13.35165023803711,12.428807497024536,9.558069229125977
176,the board of trustees noted which fraudster the tax agent had caught during the audit.,45,reversal,canonical,fraudster,tax agent,The board of trustees noted which fraudster the tax agent had,caught,48,9.37016487121582,8.850936889648438,6.512292385101318,8.49220085144043,10.291003227233888,4.462800979614258,5.4612884521484375
177,the board of trustees noted which tax agent the fraudster had caught during the audit.,45,reversal,reversed,tax agent,fraudster,The board of trustees noted which tax agent the fraudster had,caught,48,13.533851623535156,14.80996799468994,14.43290901184082,8.741528511047363,12.264369010925291,11.546488761901855,16.028501510620117
178,the board of trustees noted which fraudster the tax agent had swindled during the audit.,45,alternative,alt_reversed,fraudster,tax agent,The board of trustees noted which fraudster the tax agent had,swindled,48,13.445300891879016,12.85868843877688,11.501051145140082,0.0120552954031154,0.0134091435757,0.0050384036730974,0.0012878060733783059
179,the board of trustees noted which tax agent the fraudster had swindled during the audit.,45,alternative,alt_canonical,tax agent,fraudster,The board of trustees noted which tax agent the fraudster had,swindled,48,15.77561369515024,13.397057943046091,10.566014095151331,0.0065628581214696,0.0048925623123068,0.0057786170509643,0.000385241124604363
180,the game show host recalled which cheater the judge had disqualified in the final round.,46,reversal,canonical,cheater,judge,The game show host recalled which cheater the judge had,disqualified,49,11.205608367919922,9.150643348693848,8.051566123962402,8.136746406555176,10.871644973754885,4.523275852203369,8.464507102966309
181,the game show host recalled which judge the cheater had disqualified in the final round.,46,reversal,reversed,judge,cheater,The game show host recalled which judge the cheater had,disqualified,49,10.271398544311523,12.32741928100586,10.7095947265625,9.86871337890625,11.96962070465088,10.369046211242676,12.573737144470215
182,the game show host recalled which cheater the judge had bribed before the show.,46,alternative,alt_reversed,cheater,judge,The game show host recalled which cheater the judge had,bribed,49,11.443411409854887,12.179701648652554,12.624809801578522,3.755146234063432,2.1051199436187744,0.3339792937040329,0.5147922188043594
183,the game show host recalled which judge the cheater had bribed before the show.,46,alternative,alt_canonical,judge,cheater,The game show host recalled which judge the cheater had,bribed,49,12.339185118675232,10.553537666797638,10.42598882317543,0.973114975495264,0.2921971380710602,0.1316479034721851,0.13227530108997598
184,the historian researched which traitor the king had executed during the uprising.,47,reversal,canonical,traitor,king,The historian researched which traitor the king had,executed,50,7.564451694488525,5.749845027923584,6.163364410400391,5.668248176574707,6.239553928375244,2.990263700485229,2.705223798751831
185,the historian researched which king the traitor had executed during the uprising.,47,reversal,reversed,king,traitor,The historian researched which king the traitor had,executed,50,9.532593727111816,8.246989250183105,7.240086555480957,7.035704135894775,9.180757522583008,5.821791648864746,7.5232367515563965
186,the historian researched which traitor the king had betrayed during the uprising.,47,alternative,alt_reversed,traitor,king,The historian researched which traitor the king had,betrayed,50,4.553781509399414,4.761404514312744,5.82201099395752,10.4786376953125,9.347034454345703,5.969583988189697,6.4173359870910645
187,the historian researched which king the traitor had betrayed during the uprising.,47,alternative,alt_canonical,king,traitor,The historian researched which king the traitor had,betrayed,50,5.678201198577881,4.08202600479126,4.670395374298096,8.719517707824707,9.917633056640623,8.206531524658203,3.5568103790283203
188,the psychic understood which teenagers the ghost had haunted in the abandoned mansion.,48,reversal,canonical,teenagers,ghost,The psychic understood which teenagers the ghost had,haunted,51,7.6260576248168945,7.890057563781738,6.631080627441406,11.275123596191406,8.30882740020752,5.895356178283691,5.580646991729736
189,the psychic understood which ghost the teenagers had haunted in the abandoned mansion.,48,reversal,reversed,ghost,teenagers,The psychic understood which ghost the teenagers had,haunted,51,8.657567977905273,10.15274429321289,9.685227394104004,13.997344970703123,11.506677627563477,9.172310829162598,9.904874801635742
190,the psychic understood which teenagers the ghost had seen in the abandoned mansion.,48,alternative,alt_reversed,teenagers,ghost,The psychic understood which teenagers the ghost had,seen,51,6.049089431762695,5.0365986824035645,4.809843063354492,3.3698666095733643,4.118095874786377,4.547881603240967,4.296247482299805
191,the psychic understood which ghost the teenagers had seen in the abandoned mansion.,48,alternative,alt_canonical,ghost,teenagers,The psychic understood which ghost the teenagers had,seen,51,4.98321533203125,2.1811912059783936,2.2368078231811523,1.944506049156189,2.028992176055908,1.227697491645813,1.2796335220336914
192,the trapper heard which buck the hunter had shot in the forest.,49,reversal,canonical,buck,hunter,The trapper heard which buck the hunter had,shot,52,4.104480266571045,6.092005252838135,1.6258922815322876,5.968916416168213,3.7616610527038574,2.2653801441192627,1.550028681755066
193,the trapper heard which hunter the buck had shot in the forest.,49,reversal,reversed,hunter,buck,The trapper heard which hunter the buck had,shot,52,4.605876922607422,6.635393142700195,3.682327508926392,7.059444904327393,5.182298183441162,4.824315547943115,7.821979999542236
194,the trapper heard which buck the hunter had run from in the forest.,49,alternative,alt_reversed,buck,hunter,The trapper heard which buck the hunter had,run from,52,13.637063026428224,11.649835109710692,13.662303447723389,10.082056522369385,15.582688808441162,14.30768632888794,15.31945514678955
195,the trapper heard which hunter the buck had run from in the forest.,49,alternative,alt_canonical,hunter,buck,The trapper heard which hunter the buck had,run from,52,14.469700813293455,12.927250385284424,10.29232096672058,11.354702472686768,13.124391555786133,9.516350507736206,3.484109878540039
196,the naturalist observed which snake the scorpion had stung in the desert cave.,50,reversal,canonical,snake,scorpion,The naturalist observed which snake the scorpion had,stung,53,11.566656351089478,7.363102652132511,6.125160627067089,12.784388542175291,10.394686698913574,1.0671564489603045,9.391078338027
197,the naturalist observed which scorpion the snake had stung in the desert cave.,50,reversal,reversed,scorpion,snake,The naturalist observed which scorpion the snake had,stung,53,11.937257528305054,7.8754241690039635,5.952124958857894,10.523727416992188,11.624957084655762,1.3211432546377182,10.819563329219818
198,the naturalist observed which snake the scorpion had eaten in the desert cave.,50,alternative,alt_reversed,snake,scorpion,The naturalist observed which snake the scorpion had,eaten,53,5.101209163665772,4.085041999816895,5.359220027923584,4.24188756942749,5.825664520263672,2.609915256500244,1.7327156066894531
199,the naturalist observed which scorpion the snake had eaten in the desert cave.,50,alternative,alt_canonical,scorpion,snake,The naturalist observed which scorpion the snake had,eaten,53,5.31369686126709,3.6793720722198486,5.224586486816406,3.578015089035034,5.538168907165527,2.2016420364379883,1.6714017391204834
200,the foreign correspondent reported which dictator the activist had protested outside the capitol building.,51,reversal,canonical,dictator,activist,The foreign correspondent reported which dictator the activist had,protested,54,13.127619743347168,9.543601036071776,9.803510665893556,7.296270370483398,8.954785346984863,6.755273342132568,5.773086071014404
201,the foreign correspondent reported which activist the dictator had protested outside the capitol building.,51,reversal,reversed,activist,dictator,The foreign correspondent reported which activist the dictator had,protested,54,14.046056747436523,12.930377006530762,13.911712646484377,9.567484855651855,12.581625938415527,11.028716087341309,11.658090591430664
202,the foreign correspondent reported which dictator the activist had imprisoned for thirty years.,51,alternative,alt_reversed,dictator,activist,The foreign correspondent reported which dictator the activist had,imprisoned,54,9.854148864746094,10.77607536315918,11.521185874938965,9.011104583740234,11.589129447937012,6.17227840423584,8.711875915527344
203,the foreign correspondent reported which activist the dictator had imprisoned for thirty years.,51,alternative,alt_canonical,activist,dictator,The foreign correspondent reported which activist the dictator had,imprisoned,54,9.10629653930664,7.205451011657715,7.874927520751953,7.5310444831848145,11.599709510803224,3.577071189880371,2.9073543548583984
204,the bartender saw which teenager the bouncer had thrown out from the crowded club.,52,reversal,canonical,teenager,bouncer,The bartender saw which teenager the bouncer had,thrown out,55,10.062377452850342,11.727741718292236,9.331886053085327,9.233344078063965,9.26221203804016,8.898929834365845,10.80598670244217
205,the bartender saw which bouncer the teenager had thrown out from the crowded club.,52,reversal,reversed,bouncer,teenager,The bartender saw which bouncer the teenager had,thrown out,55,10.853464603424072,13.33574914932251,10.851074934005736,8.387897849082947,10.961424350738524,9.19270372390747,12.848502039909363
206,the bartender saw which teenager the bouncer had bribed at the entrance.,52,alternative,alt_reversed,teenager,bouncer,The bartender saw which teenager the bouncer had,bribed,55,14.634177684783936,15.47047519683838,15.108956813812256,3.64957919344306,6.9850548604870255,2.0020073712803423,0.9826235366053879
207,the bartender saw which bouncer the teenager had bribed at the entrance.,52,alternative,alt_canonical,bouncer,teenager,The bartender saw which bouncer the teenager had,bribed,55,15.080847263336182,16.802016735076904,12.952579975128174,1.8091184780496403,3.110176930799525,0.6018842458724976,1.5328194043249823
208,the highway patrolman confirmed which elderly woman the hitchhiker had robbed on the side of the road.,53,reversal,canonical,woman,hitchhiker,The highway patrolman confirmed which elderly woman the hitchhiker had,robbed,56,8.59865951538086,7.230700969696045,10.131878852844238,12.265195846557615,12.50082302093506,7.521186351776123,8.194893836975098
209,the highway patrolman confirmed which hitchhiker the elderly woman had robbed on the side of the road.,53,reversal,reversed,hitchhiker,woman,The highway patrolman confirmed which hitchhiker the elderly woman had,robbed,56,9.33299446105957,8.650347709655762,13.136425971984863,12.213818550109863,12.51500415802002,10.21583366394043,10.288458824157715
210,the highway patrolman confirmed which elderly woman the hitchhiker had hit on the side of the road.,53,alternative,alt_reversed,woman,hitchhiker,The highway patrolman confirmed which elderly woman the hitchhiker had,hit,56,7.70208215713501,5.143024444580078,5.373401165008545,5.046281814575195,5.950258255004883,2.951467275619507,6.815664291381836
211,the highway patrolman confirmed which hitchhiker the elderly woman had hit on the side of the road.,53,alternative,alt_canonical,hitchhiker,woman,The highway patrolman confirmed which hitchhiker the elderly woman had,hit,56,7.697514057159424,6.5865559577941895,7.787415504455566,5.494406700134277,3.011164426803589,4.845147609710693,6.6171770095825195
212,the shepherd forgot which sheep the wolf had eaten from the flock.,54,reversal,canonical,sheep,wolf,The shepherd forgot which sheep the wolf had,eaten,57,5.942938804626465,4.4712629318237305,2.563451051712036,7.866962432861328,7.34516716003418,5.578564167022705,5.055629730224609
213,the shepherd forgot which wolf the sheep had eaten from the flock.,54,reversal,reversed,wolf,sheep,The shepherd forgot which wolf the sheep had,eaten,57,5.075959205627441,4.496039390563965,2.913757562637329,7.00139856338501,5.464146137237549,4.881285667419434,4.60380220413208
214,the shepherd forgot which sheep the wolf had butted away from the flock.,54,alternative,alt_reversed,sheep,wolf,The shepherd forgot which sheep the wolf had,butted,57,17.56864643096924,17.802542686462402,18.990029335021973,12.026573015318718,7.840213218310964,12.983410358428957,4.016204833984375
215,the shepherd forgot which wolf the sheep had butted away from the flock.,54,alternative,alt_canonical,wolf,sheep,The shepherd forgot which wolf the sheep had,butted,57,18.041051864624023,18.76393985748291,21.748497009277344,9.926656852592714,9.464566526206909,11.969505310058594,4.167753376066685
216,the stable boy remembered which mule the trader had sold at the busy market.,55,reversal,canonical,mule,trader,The stable boy remembered which mule the trader had,sold,109,7.011289596557617,6.694742679595947,5.312985897064209,5.194316387176514,2.915777444839477,2.692887783050537,4.243392467498779
217,the stable boy remembered which trader the mule had sold at the busy market.,55,reversal,reversed,trader,mule,The stable boy remembered which trader the mule had,sold,109,6.67484188079834,7.6142578125,5.183286190032959,7.707892417907715,8.570272445678711,10.24363613128662,9.372140884399414
218,the stable boy remembered which mule the trader had kicked at the busy market.,55,alternative,alt_reversed,mule,trader,The stable boy remembered which mule the trader had,kicked,109,11.269965171813965,10.778507232666016,12.641511917114258,8.114871978759766,13.414523124694824,13.489477157592772,14.451528549194336
219,the stable boy remembered which trader the mule had kicked at the busy market.,55,alternative,alt_canonical,trader,mule,The stable boy remembered which trader the mule had,kicked,109,12.07299518585205,11.07809352874756,11.33335018157959,10.402091026306152,12.572243690490724,11.823482513427734,11.172295570373535
220,the insect collector observed which spider the bee had stung in the garden.,56,reversal,canonical,spider,bee,The insect collector observed which spider the bee had,stung,111,9.139714121818542,6.5194245567545295,5.733724234160036,13.144372940063477,13.722399711608888,0.408883947879076,0.8530394732952118
221,the insect collector observed which bee the spider had stung in the garden.,56,reversal,reversed,bee,spider,The insect collector observed which bee the spider had,stung,111,9.888765692710876,6.863632421940565,5.218242343049496,9.456929206848145,8.817740440368652,0.2953726425766945,1.3702917397022247
222,the insect collector observed which spider the bee had trapped in the web.,56,alternative,alt_reversed,spider,bee,The insect collector observed which spider the bee had,trapped,111,9.069391250610352,8.503560066223145,6.872072219848633,4.224299907684326,4.526503562927246,2.4395477771759038,4.701873779296875
223,the insect collector observed which bee the spider had trapped in the web.,56,alternative,alt_canonical,bee,spider,The insect collector observed which bee the spider had,trapped,111,9.02939224243164,8.404850006103516,6.846702098846436,5.7056427001953125,3.8427252769470215,2.27560830116272,1.9197115898132324
224,the aquarium owner knew which orca the animal rights activist had freed in the middle of the night.,57,reversal,canonical,animal,activist,The aquarium owner knew which orca the animal rights activist had,freed,114,14.814568519592283,9.401898384094238,9.185832977294922,12.001200675964355,8.025693893432617,9.496886253356934,8.646506309509277
225,the aquarium owner knew which animal rights activist the orca had freed in the middle of the night.,57,reversal,reversed,activist,orca,The aquarium owner knew which animal rights activist the orca had,freed,114,15.759356498718262,10.16236400604248,10.771347045898438,12.689131736755373,10.570428848266602,11.342671394348145,10.31149673461914
226,the aquarium owner knew which orca the animal rights activist had befriended after many visits.,57,alternative,alt_reversed,animal,activist,The aquarium owner knew which orca the animal rights activist had,befriended,114,9.147154409263749,9.194714860845124,9.273843955947086,8.369969367980957,8.314101219177246,0.9955594024359016,2.0205127790468396
227,the aquarium owner knew which animal rights activist the orca had befriended after many visits.,57,alternative,alt_canonical,activist,orca,The aquarium owner knew which animal rights activist the orca had,befriended,114,6.707950749361771,7.814836736244615,8.174613539245911,6.415591239929199,10.55431842803955,0.1454532976204063,0.9730310833365365
228,the principal recorded which stoner the snitch had reported during an assembly.,58,reversal,canonical,stoner,snitch,The principal recorded which stoner the snitch had,reported,115,9.999032974243164,9.12327003479004,8.944623947143555,10.388774871826172,9.805940628051758,10.042120933532717,7.901735782623291
229,the principal recorded which snitch the stoner had reported during an assembly.,58,reversal,reversed,snitch,stoner,The principal recorded which snitch the stoner had,reported,115,8.840975761413574,8.225382804870605,8.430889129638672,10.771831512451172,10.70773983001709,8.612030029296875,7.951844692230225
230,the principal recorded which stoner the snitch had beaten up in the locker room.,58,alternative,alt_reversed,stoner,snitch,The principal recorded which stoner the snitch had,beaten up,115,14.643202304840088,11.866516709327698,12.421817064285278,11.06167984008789,8.418964147567749,9.15502417087555,3.120651353150606
231,the principal recorded which snitch the stoner had beaten up in the locker room.,58,alternative,alt_canonical,snitch,stoner,The principal recorded which snitch the stoner had,beaten up,115,14.747416019439695,9.576059877872469,11.77051329612732,8.607430219650269,7.330090522766113,13.416685998439789,7.154957115650177
232,the butler remembered which chauffeur the millionaire had hired the previous week.,59,reversal,canonical,chauffeur,millionaire,The butler remembered which chauffeur the millionaire had,hired,116,4.591182708740234,2.029186248779297,2.7811617851257324,1.2244793176651,0.8616564869880676,1.254719376564026,1.4333887100219727
233,the butler remembered which millionaire the chauffeur had hired the previous week.,59,reversal,reversed,millionaire,chauffeur,The butler remembered which millionaire the chauffeur had,hired,116,5.572381019592285,4.083545207977295,6.345005512237549,4.575747013092041,8.176612854003906,5.796902179718018,9.708934783935547
234,the butler remembered which chauffeur the millionaire had driven the previous week.,59,alternative,alt_reversed,chauffeur,millionaire,The butler remembered which chauffeur the millionaire had,driven,116,5.187811374664307,4.589476585388184,6.371259689331055,13.706329345703123,8.43149471282959,6.435854911804199,9.817215919494629
235,the butler remembered which millionaire the chauffeur had driven the previous week.,59,alternative,alt_canonical,millionaire,chauffeur,The butler remembered which millionaire the chauffeur had,driven,116,7.36461067199707,6.1729607582092285,6.461933135986328,8.354509353637695,5.328487396240234,5.604869365692139,3.391547441482544
236,the farmhand observed which cow the farmer had milked in the big red barn.,60,reversal,canonical,cow,farmer,The farmhand observed which cow the farmer had,milked,117,7.526522364467382,7.705406025052071,5.996495606377721,1.0463107824325562,0.518306165933609,0.267145472113043,1.7770458683371544
237,the farmhand observed which farmer the cow had milked in the big red barn.,60,reversal,reversed,farmer,cow,The farmhand observed which farmer the cow had,milked,117,8.356276668608189,8.554763533640653,6.749314606189728,1.3763937205076218,0.5881985202431679,2.8479527980089188,4.402117408812046
238,the farmhand observed which cow the farmer had kicked in the big red barn.,60,alternative,alt_reversed,cow,farmer,The farmhand observed which cow the farmer had,kicked,117,12.099774360656738,10.230122566223145,11.860756874084473,10.482860565185549,12.206340789794922,15.743216514587402,15.149222373962402
239,the farmhand observed which farmer the cow had kicked in the big red barn.,60,alternative,alt_canonical,farmer,cow,The farmhand observed which farmer the cow had,kicked,117,11.859241485595703,12.280012130737305,10.857208251953123,10.384111404418944,8.299617767333984,11.088091850280762,10.508035659790039
